Reporting country (Name),Commodity (Name),Trade flow (Name),Unit (Name),Unit,[1976],S,[1977],S,[1978],S,[1979],S,[1980],S,[1981],S,[1982],S,[1983],S,[1984],S,[1985],S,[1986],S,[1987],S,[1988],S,[1989],S,[1990],S,[1991],S,[1992],S,[1993],S,[1994],S,[1995],S,[1996],S,[1997],S,[1998],S,[1999],S,[2000],S,[2001],S,[2002],S,[2003],S,[2004],S,[2005],S,[2006],S,[2007],S,[2008],S,[2009],S,[2010],S,[2011],S,[2012],S,[2013],S,[2014],S,[2015],S,[2016],S,[2017],S,[2018],S,[2019],S,[2020],S,[2021],S,[2022],S,[2023],S,[2024],S
Chile,"Atlantic and Danube salmons, fresh or chilled",Exports,Value (USD 1000),USD (1000),0,...,0,...,0,...,0,...,0,...,0,...,0,...,0,...,0,...,0,...,0,...,669,,406,,7080,,40044,,53566,,0,...,0,...,0,...,0,...,0,...,0,...,0,...,0,...,0,...,0,...,34568,,36165,,45774,,48377,,71306,,100535,,143308,,146047,,199617,,247801,,255060,,417942,,526031,,475789,,603362,,669329,,844209,,868983.62,,537126.83,,829717.74,,1025645.78,,1102020.98,,1140425.39,
Chile,"Atlantic salmon and Danube salmon, frozen",Exports,Value (USD 1000),USD (1000),0,...,0,...,0,...,0,...,0,...,0,...,0,...,0,...,0,...,0,...,0,...,0,...,0,...,510,,4255,,7687,,20545,,21180,,14341,,16957,,11802,,16616,,12357,,8497,,25376,,27877,,28468,,22335,,55984,,98845,,143903,,101845,,147078,,171691,,77897,,161757,,167266,,378007,,627260,,497054,,548278,,591497,,709663,,608341.42,,550897.08,,485978.63,,691815.64,,636501.42,,465411.13,
Chile,"Atlantic salmon, not minced, prepared or preserved",Exports,Value (USD 1000),USD (1000),0,...,0,...,0,...,0,...,0,...,0,...,0,...,0,...,0,...,0,...,0,...,0,...,0,...,0,...,202,,1,,0,...,0,...,0,...,0,...,0,...,0,...,1453,,2142,,2825,,0,...,1150,,0,...,0,...,0,...,0,...,17997,,0,...,0,...,0,...,0,...,0,...,0,...,0,...,0,...,0,...,0,...,0,...,0,...,0,...,0,...,0,...,0,...,0,...
Chile,"Pacific salmons, fresh or chilled",Exports,Value (USD 1000),USD (1000),0,...,0,...,0,...,0,...,0,...,0,...,0,...,0,...,0,...,0,...,1271,,4461,,10004,,2590,,5270,,4308,,0,...,0,...,0,...,0,...,0,...,0,...,0,...,0,...,0,...,0,...,912,,196,,1320,,999,,2079,,1630,,1120,,497,,2474,,1010,,1625,,866,,170,,21,,6522,,4933,,2186,,2628.96,,3057.52,,11857.11,,14028.71,,25504.68,,25093.41,
Chile,"Pacific salmons, frozen, nei",Exports,Value (USD 1000),USD (1000),0,...,0,...,1,,0,...,8,,371,,242,,124,,157,,1154,,2301,,395,,8949,,28421,,46518,,67557,,103104,,84642,,97896,,168843,,136462,,159706,,151108,,264443,,246203,,232312,,147320,,177150,,183736,,263201,,269166,,271367,,293196,,410448,,402420,,608479,,517845,,438255,,596326,,536570,,449913,,635984,,760714,,790829.04,,646441.19,,661692.44,,887266.19,,794396.64,,895078.08,
Chile,"Salmon fillets, dried, salted or in brine",Exports,Value (USD 1000),USD (1000),0,...,0,...,0,...,0,...,0,...,0,...,0,...,0,...,0,...,0,...,0,...,0,...,0,...,0,...,0,...,0,...,0,...,0,...,0,...,0,...,0,...,0,...,0,...,0,...,0,...,0,...,4321,,6343,,5644,,3337,,492,,788,,18,,0,...,0,...,0,...,0,...,0,...,5,,0,...,0,...,388,,0,...,0,...,0,...,0,...,21.64,,32.04,,0,...
Chile,"Salmon fillets, fresh or chilled",Exports,Value (USD 1000),USD (1000),0,...,0,...,0,...,0,...,0,...,0,...,0,...,0,...,0,...,0,...,16,,0,...,0,...,0,...,0,...,0,...,8025,,18888,,34312,,55336,,87499,,136473,,183003,,200821,,274162,,277070,,300597,E,366782,,366101,,405738,,507833,,535886,,512614,,288115,,207169,,407947,,511435,,752687,,902667,,778230,,947548,,1070257,,1231112,,1250658.16,,1092694.02,,1502070.54,,1762161.1,,1785642.25,,1707096.07,
Chile,"Salmon fillets, frozen",Exports,Value (USD 1000),USD (1000),0,...,0,...,0,...,0,...,0,...,0,...,0,...,0,...,0,...,2,,11,,0,...,0,...,0,...,0,...,0,...,6778,,15973,,16193,,29898,,35579,,53510,,64612,,68235,,97657,,141980,,140000,E,141592,,229268,,281769,,380296,,291290,,327440,,250763,,145632,,231570,,281841,,499837,,649716,,485888,,603910,,778138,,742686,,691875.49,,689963.73,,863985.48,,1354177.21,,1313651.68,,1417909.79,
Chile,"Salmon minced, prepared or preserved",Exports,Value (USD 1000),USD (1000),0,...,0,...,0,...,0,...,0,...,0,...,0,...,0,...,0,...,0,...,0,...,0,...,0,...,0,...,0,...,0,...,1045,,772,,1024,,510,,260,,1109,,726,,386,,524,,1468,,530,,387,,769,,2808,,2596,,7024,,5495,,2538,,3925,,286,,32,,25,,59,,219,,131,,185,,164,,810.53,,2065.62,,1435.53,,3396.62,,1244.68,,761.74,
Chile,"Salmon nei, not minced, prepared or preserved",Exports,Value (USD 1000),USD (1000),0,...,0,...,0,...,0,...,0,...,0,...,0,...,0,...,8,,18,,6,,1,,16,,34,,1103,,1024,,916,,1185,,2213,,2587,,2621,,1152,,4588,,4891,,4789,,6325,,5877,,20585,,26050,,27133,,31119,,23279,,35796,,36622,,10676,,13405,,14932,,16794,,11097,,6601,,3679,,4242,,22401,,26801.94,,34771.95,,24871,,33977.09,,25947.41,,37778.07,
Chile,"Salmon roes, cured",Exports,Value (USD 1000),USD (1000),0,...,0,...,0,...,0,...,0,...,0,...,0,...,0,...,0,...,0,...,0,...,0,...,0,...,0,...,0,...,0,...,0,...,0,...,0,...,0,...,0,...,0,...,0,...,0,...,0,...,0,...,168,,182,,85,,234,,34,,0,...,100,,193,,308,,23,,7,,0,N,39,,55,,0,...,0,...,0,...,0,...,2.08,,0,...,0,...,27.73,,20.32,
Chile,"Salmon roes, frozen",Exports,Value (USD 1000),USD (1000),0,...,0,...,0,...,0,...,0,...,0,...,0,...,0,...,0,...,2,,17,,22,,0,...,0,...,0,...,0,...,0,...,0,...,0,...,0,...,0,...,0,...,0,...,0,...,0,...,0,...,1270,,477,,496,,503,,1068,,652,,1319,,519,,797,,802,,2791,,1877,,1804,,510,,184,,0,N,0,...,0,...,0,...,0,...,0,...,0,...,0,...
Chile,"Salmon sides, salted or in brine",Exports,Value (USD 1000),USD (1000),0,...,0,...,0,...,0,...,0,...,0,...,0,...,0,...,0,...,0,...,0,...,0,...,0,...,0,...,21,,13,,0,...,0,...,0,...,0,...,0,...,0,...,0,...,0,...,0,...,0,...,0,...,0,...,0,...,0,...,0,...,51,,591,,0,...,0,...,0,...,0,...,0,...,0,...,0,...,0,...,0,...,0,...,0,...,0,...,0,...,0,...,0,...,0,...
Chile,"Salmon steaks, frozen",Exports,Value (USD 1000),USD (1000),0,...,0,...,0,...,0,...,0,...,0,...,0,...,0,...,0,...,0,...,0,...,0,...,0,...,0,...,0,...,0,...,0,...,0,...,0,...,0,...,0,...,0,...,0,...,0,...,0,...,0,...,44886,,65936,,90002,,140918,,213310,,313427,,212821,,137124,,61925,,94642,,115934,,154154,,205206,,169035,,170563,,289985,,305303,,329079.2,,314600.83,,301089.98,,0,...,0,...,0,...
Chile,"Salmonoids fillets, dried, salted or in brine, but not smoked",Exports,Value (USD 1000),USD (1000),0,...,0,...,0,...,0,...,0,...,0,...,0,...,0,...,0,...,0,...,0,...,0,...,0,...,0,...,0,...,0,...,0,...,0,...,0,...,0,...,0,...,0,...,0,...,0,...,0,...,0,...,976,,757,,678,,928,,4643,,2347,,126,,201,,0,...,0,...,1,,0,...,1,,0,...,0,...,0,...,0,...,0,...,0,...,0,...,0,...,0,...,0,...
Chile,"Salmonoids meat, fresh or chilled, nei",Exports,Value (USD 1000),USD (1000),0,...,0,...,0,...,0,...,0,...,0,...,0,...,0,...,0,...,0,...,0,...,0,...,0,...,0,...,0,...,0,...,0,...,0,...,0,...,0,...,0,...,0,...,0,...,0,...,0,...,0,...,0,...,0,...,0,...,0,...,0,...,0,...,92,,0,...,0,...,0,...,5470,,12717,,14699,,18118,,19544,,39779,,39682,,37333.29,,24066.25,,46147.74,,66683.02,,61875.95,,48327.63,
Chile,"Salmonoids nei, dried, whether or not salted, not smoked",Exports,Value (USD 1000),USD (1000),0,...,0,...,0,...,0,...,0,...,0,...,0,...,0,...,0,...,0,...,0,...,0,...,0,...,0,...,0,...,0,...,0,...,0,...,0,...,0,...,0,...,0,...,0,...,0,...,0,...,0,...,0,...,0,...,0,...,0,...,0,...,0,...,7,,0,...,0,...,0,...,0,...,0,...,0,...,0,...,0,...,0,...,0,...,0,...,5.37,,0,...,0,...,0,...,0,...
Chile,"Salmonoids, fresh or chilled, nei",Exports,Value (USD 1000),USD (1000),0,...,0,...,0,...,0,...,0,...,0,...,0,...,0,...,0,...,0,...,0,...,0,...,0,...,0,...,0,...,0,...,0,...,0,...,0,...,0,...,3,,0,...,1,,0,...,0,N,3,,0,...,0,...,0,...,0,...,1,,0,...,0,...,0,...,0,...,0,...,0,...,0,...,0,...,0,...,2,,0,...,0,...,0,...,0,...,0,...,0,...,0,...,0,...
Chile,"Salmonoids, frozen",Exports,Value (USD 1000),USD (1000),0,...,0,...,0,...,0,...,0,...,0,...,0,...,0,...,0,...,0,...,0,...,0,...,0,...,0,...,0,...,384,,0,...,0,...,151,,29,,11,,13,,0,...,46,,6,,45,,2,,5,,70,,1013,,105,,0,...,71,,53,,27,,11,,19231,,190,,34,,0,N,0,...,0,N,0,...,0,...,184.89,,0,...,0,...,0,...,0,...
Chile,"Salmons, dried, whether or not salted, not smoked, nei",Exports,Value (USD 1000),USD (1000),0,...,0,...,0,...,0,...,0,...,0,...,0,...,0,...,0,...,0,...,0,...,0,...,0,...,0,...,0,...,0,...,0,...,0,...,0,...,0,...,0,...,0,...,0,...,0,...,0,...,0,...,0,...,0,...,0,...,0,...,0,...,0,...,4,,2,,29,,16,,4,,457,,89,,3,,0,...,0,...,1,,0,...,0,...,214.47,,0,...,0,...,0,...
Chile,"Salmons, fresh or chilled, nei",Exports,Value (USD 1000),USD (1000),0,...,0,...,0,...,0,...,0,...,0,...,0,...,0,...,0,...,0,...,0,...,0,...,0,...,0,...,0,...,270,,67198,,69616,,65875,,86715,,91708,,71296,,60302,,37224,,47324,,44002,,0,...,0,...,0,...,0,...,0,...,0,...,0,...,0,...,0,...,0,...,0,...,0,...,0,...,0,...,0,...,0,...,0,...,0,...,0,...,0,...,0,...,0,...,0,...
Chile,"Salmons, meat. frozen",Exports,Value (USD 1000),USD (1000),0,...,0,...,0,...,0,...,0,...,0,...,0,...,0,...,0,...,0,...,0,...,0,...,0,...,0,...,0,...,0,...,246,,305,,1185,,3617,,5762,,10976,,15792,,0,...,0,...,41953,,13253,,27254,,55900,,64536,,62459,,24872,,65691,,34242,,14759,,45733,,65579,,67958,,86001,,75297,,76297,,37170,,42295,,56261.92,,70133.23,,78869.89,,0,...,0,...,0,...
Chile,"Salmons, salted or in brine",Exports,Value (USD 1000),USD (1000),0,...,0,...,0,...,0,...,0,...,0,...,0,...,0,...,0,...,0,...,0,...,0,...,144,,45,,1840,,800,,0,...,0,...,0,...,0,...,0,...,0,...,0,...,0,...,0,...,0,...,8700,,4636,,3042,,2808,,931,,0,...,0,...,0,...,0,...,0,...,0,...,0,...,0,...,0,...,0,...,0,...,0,...,0,...,0,...,0,...,98.34,,0,...,0,...
Chile,"Salmons, smoked",Exports,Value (USD 1000),USD (1000),0,...,0,...,0,...,47,,12,,50,,12,,10,,21,,52,,168,,238,,266,,401,,833,,306,,1858,,1824,,4792,,10348,,8581,,7694,,5951,,6131,,7151,,8786,,11296,,13622,,22451,,24486,,30680,,37209,,41190,,35547,,35320,,52662,,44935,,46148,,42875,,37714,,29180,,41355,,49227,,41472.3,,44727.19,,48696.12,,58127.55,,45496.11,,60641.09,
Norway,"Atlantic and Danube salmons, fresh or chilled",Exports,Value (USD 1000),USD (1000),5740,,8678,,16118,,30906,,32687,,37513,,52410,,81154,,101899,,136528,,198171,,293524,,399578,,428689,,548489,,487826,,631193,,577644,,697249,,791020,,781588,,763468,,820863,,900661,,954263,,749180,,808037,,935880,,1126313,,1546335,,1977050,,2229562,,2493751,,2790817,,3815026,,3892183,,3939237,,5389485,,5383388,,4668681,,5834610,,6123868,,6655622,,6429774.45,,5647470.42,,7111900.28,,8143671.43,,8602729.99,,8055020.35,
Norway,"Atlantic salmon and Danube salmon, frozen",Exports,Value (USD 1000),USD (1000),7341,,8022,,7949,,13506,,15259,,16498,,12161,,18733,,17377,,19434,,29112,,32979,,75029,,79693,,226591,,201807,,84385,,66054,,68710,,103580,,101047,,114055,,118971,,163992,,153336,,111774,,114685,,149285,,173480,,170048,,232372,,218803,,202088,,197426,,272285,,278170,,207494,,236857,,233374,,145452,,154139,,170160,,129750,,138984.31,,94295.48,,156434.59,,186295.18,,188499.07,,207566.78,
Norway,"Atlantic salmon, not minced, prepared or preserved",Exports,Value (USD 1000),USD (1000),0,...,0,N,13,,4,,2,,1,,3,,5,,0,N,7,,11,,665,,1427,,2009,,2807,,4047,,14640,,15411,,12122,,11523,,10492,,9452,,8418,,7543,,13210,,9377,,8518,,5799,,4122,,4463,,4147,,9582,,14208,,5053,,6085,,6048,,4403,,4218,,4377,,3024,,2994,,3475,,2814,,2237.13,,2470.66,,2841.41,,3189.9,,1215.88,,1692.5,
Norway,"Pacific salmons, fresh or chilled",Exports,Value (USD 1000),USD (1000),0,...,0,...,0,...,0,...,0,...,0,...,0,...,0,...,0,...,0,...,0,...,0,...,0,...,0,...,0,...,0,...,0,...,0,...,0,...,0,...,0,...,0,...,0,...,0,...,0,...,0,...,0,...,0,...,0,...,0,...,0,...,0,...,0,...,0,...,0,...,0,...,0,...,0,...,0,...,0,...,0,...,0,...,0,...,0,...,0,...,0,...,74.36,,225.46,,8.75,
Norway,"Pacific salmons, frozen, nei",Exports,Value (USD 1000),USD (1000),0,...,0,...,0,...,0,...,0,...,0,...,0,...,0,...,0,...,0,...,0,...,0,...,249,,3559,,0,...,0,...,0,...,0,...,0,...,0,...,0,...,0,...,0,...,0,...,80,,0,...,12,,81,,174,,1,,0,...,0,...,0,...,0,...,0,...,0,...,0,...,0,...,0,...,0,...,0,...,15,,0,...,0,...,0,...,0,...,0,...,0,...,82.56,
Norway,"Salmon fillets, fresh or chilled",Exports,Value (USD 1000),USD (1000),0,...,0,...,0,...,0,...,0,...,0,...,0,...,0,...,0,...,0,...,0,...,0,...,0,...,0,...,0,...,19294,,24074,,26317,,39378,,49792,,70547,,78133,,78014,,114766,,96532,,74461,,90364,,113490,,150440,,178455,,227430,,264188,,285228,,428730,,610141,,526747,,495294,,651585,,749058,,695151,,835201,,852782,,917801,,1008316.29,,1045881.17,,1345540.15,,1596962.38,,1688534.11,,1970925.43,
Norway,"Salmon fillets, frozen",Exports,Value (USD 1000),USD (1000),0,...,0,...,0,...,0,...,0,...,0,...,0,...,0,...,0,...,0,...,0,...,0,...,0,...,0,...,0,...,33563,,45492,,45585,,68603,,89485,,92058,,89792,,97690,,143336,,136602,,126281,,137333,,164405,,158987,,148605,,191832,,167151,,158034,,290033,,391288,,420798,,371824,,405019,,510041,,390642,,429286,,576960,,522608,,551862.85,,609562.06,,729767.08,,909635.23,,926395.28,,1007157.57,
Norway,"Salmon nei, not minced, prep.or pres, in airtight containers",Exports,Value (USD 1000),USD (1000),0,...,0,...,0,...,0,...,0,...,0,...,0,...,0,...,0,...,0,...,0,...,0,...,0,...,0,...,0,...,0,...,0,...,0,...,0,...,0,...,0,...,1512,,1850,,475,,174,,1005,,654,,1866,,1152,,657,,569,,9337,,7615,,173,,105,,51,,31,,40,,57,,84,,0,...,68,,119,,479.22,,1311.35,,1388,,1258.04,,1310.36,,1083.28,
Norway,"Salmonoids meat, fresh or chilled, nei",Exports,Value (USD 1000),USD (1000),0,...,0,...,0,...,0,...,0,...,0,...,0,...,0,...,0,...,0,...,0,...,0,...,0,...,0,...,0,...,0,...,0,...,0,...,0,...,0,...,0,...,0,...,0,...,0,...,0,...,0,...,0,...,0,...,0,...,0,...,0,...,2371,,1250,,1864,,182,,65,,0,...,175,,17,,30,,4,,93,,210,,202.56,,161.61,,135.37,,100.23,,319.45,,23.37,
Norway,"Salmonoids, frozen",Exports,Value (USD 1000),USD (1000),2,,3,,8,,21,,39,,8,,60,,8,,10,,0,N,65,,154,,237,,201,,142,,124,,1716,,104,,306,,385,,655,,2901,,2572,,890,,1122,,371,,426,,268,,8,,9094,,10116,,11692,,10554,,9208,,9174,,255,,139,,112,,145,,8,,11,,32,,19,,8.05,,13.84,,9.51,,24.9,,197.49,,116.78,
Norway,"Salmons, fresh or chilled, nei",Exports,Value (USD 1000),USD (1000),0,...,0,...,0,...,0,...,0,...,0,...,0,...,0,...,0,...,0,...,0,...,0,...,0,...,0,...,0,...,0,...,0,...,0,...,0,...,0,...,0,...,0,...,6342,,11346,,8450,,4197,,5903,,6310,,5863,,6924,,6639,,8030,,9856,,15795,,27742,,18610,,0,...,0,...,0,...,0,...,0,...,0,...,0,...,0,...,0,...,0,...,0,...,0,...,0,...
Norway,"Salmons, meat. frozen",Exports,Value (USD 1000),USD (1000),0,...,0,...,0,...,0,...,0,...,0,...,0,...,0,...,0,...,0,...,0,...,0,...,0,...,0,...,0,...,0,...,0,...,0,...,0,...,0,...,0,...,0,...,0,...,0,...,0,...,0,...,0,...,0,...,0,...,0,...,0,...,35567,,35037,,22045,,22428,,26150,,32723,,30705,,31066,,27732,,23747,,25678,,35845,,39405.68,,41399,,42991.57,,0,...,0,...,0,...
Norway,"Salmons, salted or in brine",Exports,Value (USD 1000),USD (1000),0,...,0,...,0,...,0,...,9,,12,,0,N,11,,5,,17,,86,,4,,0,...,0,...,0,...,0,...,0,...,0,...,0,...,0,...,0,...,0,...,0,...,0,...,0,...,0,...,0,...,0,...,0,...,0,...,0,...,0,...,0,...,0,...,0,...,0,...,0,...,0,...,0,...,0,...,0,...,0,...,0,...,0,...,0,...,0,...,0,...,0,...,0,...
Norway,"Salmons, smoked",Exports,Value (USD 1000),USD (1000),218,,331,,626,,1106,,1294,,1480,,1308,,2107,,3552,,6008,,12606,,15891,,11709,,19615,,29469,,27399,,25954,,24231,,27133,,27186,,28235,,28465,,29124,,33853,,34929,,36661,,37248,,36977,,42931,,43183,,31399,,36304,,35085,,28717,,36837,,37863,,30655,,32591,,38859,,31780,,34710,,40994,,43386,,41016.49,,22609.85,,29724.12,,37239.39,,36388.01,,32208.92,
Totals - Value (USD 1000),,,,,13301,,17034,,24715,,45590,,49310,,55933,,66196,,102152,,123029,,163222,,243841,,349003,,508014,,572847,,907584,,909976,,1037169,,969731,,1151483,,1447811,,1464910,,1546323,,1663737,,1969678,,2104715,,1895128,,1947474,,2298765,,2750840,,3475398,,4403575,,4722786,,5040783,,5304463,,6354268,,7073084,,7085788,,9538701,,10614461,,9043688,,10773815,,11957367,,13057817,,12917362.89,,11475913.19,,14277358.76,,16775849.95,,17238156.65,,17074429.01,
"FAO. 2026. FishStat: Global Aquatic Trade - All partners aggregated 1976-2024. [Accessed on 30 June 2026]. In: FishStatj. Available at https://www.fao.org/fishery/en/collection/global_commodity_prod. Licence: CC-BY-4.0.
For a correct citation, please revise the date you accessed the data."
